Scenario,Coefficient,Std.Err,p-value,N,R-squared
VAX (Baseline),0.0010814612367768624,0.00043205744837970176,0.012334460197073183,7560,0.006118957787884516
VAX (Denton),6.296489930160015e-08,0.00019951579654710547,0.9997482053858433,7560,1.529225635010789e-10
Gross Exports,0.0010814612367768494,0.00043205744837970117,0.01233446019707407,7560,0.006118957787884183
Industrial VA,0.00025665116505650134,0.00024033263924204946,0.2856009811110962,7560,0.0005347933685695416
