Mode,Coefficient,Std.Err,p-value,N,R-squared
TV-Import,0.0010814612367768624,0.00043205744837970176,0.012334460197073183,7560,0.006118957787884516
TV-Export,0.0018441747339209902,0.000564435034475113,0.0010908199003778485,7560,0.017731054981417582
TV-Symmetric,0.0008556818621962595,0.0003995868946141467,0.032273432011506564,7560,0.0038788264191180755
Fixed-Import,0.0007900637657853463,0.0005025694347247855,0.115982447956813,7560,0.0026451553656500204
Fixed-Export,0.0020359999766656604,0.0006845008415994727,0.0029449188224166534,7560,0.018380492692466333
Fixed-Symmetric,0.0012264029537062751,0.0005547886161385339,0.027095977891833822,7560,0.0062518706574647975
