Specification,Coefficient,Std.Err,t-stat,p-value,N,R-squared
Col 1: Baseline H=8,0.0010814612367768624,0.00043205744837970176,2.5030496310908403,0.012334460197073183,7560,0.006118957787884516
Col 2: Baseline H=12,0.0008759511262954359,0.00035713215417829445,2.45273665797711,0.014200595964158014,7560,0.0038728393419283913
Col 3: 2-Way Cluster H=8,0.0010814612367768624,0.0013273239245251037,0.8147681336820571,0.4152315728503113,7560,0.006118957787884516
Col 4: Robust FE H=8,0.0007814058514387992,0.003201871688445997,0.24404658508287955,0.8071947407607192,7560,0.5491476129747992
Col 5: Fixed Weight H=8,0.0005769718516869252,0.0004445417898668249,1.297902390368684,0.1943618072412916,7560,0.0017223595472853903
