Specification,beta_TC_relief,se,t_stat,p_value,N,R_squared,coef_diff_vs_baseline,coef_ratio_vs_baseline
Baseline (W_t),0.0010814612367768624,0.00043205744837970203,2.503049631090839,0.012334460197073183,7560,0.006118957787884516,0.0,1.0
Fixed Weight (W_pre),0.0005769718516869252,0.00044454178986682495,1.2979023903686837,0.19436180724129182,7560,0.0017223595472851683,-0.0005044893850899372,0.5335113567329567
