Case,Coef,p-val,N
Import (Baseline),-5.67978071011577e-06,0.9844660203542144,3360
Export,4.563132012027336e-05,0.885102582612419,3360
Symmetric,-0.0002039177381767135,0.46269699667840003,3360
Window=8,1.706447258231941e-05,0.9552121783673702,3360
