Panel,Mean,SD,P10,P25,P50 (Median),P75,P90,Min,Max,Share Non-zero
Full Sample (2018-2023),9.152254719123734,25.23255359616277,0.0,0.0,0.0,6.239630667953282,23.23170998015158,0.0,177.6897929901643,0.28888888888888886
2022,34.12162312951663,47.572219472716895,0.0,6.15972174872792,19.249626156229787,28.7034917136561,136.55263969440514,0.0,177.6897929901643,0.8666666666666667
2023,20.79190518522576,21.574497952534905,0.0,6.47653231194309,17.182321949764315,24.77785951108036,35.343343411953256,0.0,101.1933322649969,0.8666666666666667
