DV,Spec,Coef,p-val,N,FE
A,Baseline,-0.00019868116978603728,0.43695711478365595,7560,"Pair, Time"
S_total,Baseline,-40475.003092804785,0.04294709157703758,7560,"Pair, Time"
A,Post-RCEP Focus,-0.0009281289681708735,9.211831503375123e-06,3360,"Pair, Time"
