Indicator,Coef,p-val,N
Exports indicator (Baseline),-5.67978071011577e-06,0.9844660203542144,3360
GDP volume indicator,3.423163250419201e-05,0.8345644822254557,3360
Imports indicator,-0.00036504287059010244,0.05438730970034378,3360
