Group,Mean,Std,P25,P50,P75,Min,Max,Non_Zero_Pct,N
Full Sample (2010-2023),0.053126619999977656,0.1838635734855872,0.0,0.0,0.0,0.0,1.7768979299016432,18.24561403508772,11970
2022,0.3412162312951664,0.47572219472716887,0.0615972174872792,0.19249626156229788,0.287034917136561,0.0,1.7768979299016432,86.66666666666667,840
2023,0.2079190518522576,0.21574497952534902,0.0647653231194309,0.17182321949764315,0.2477785951108036,0.0,1.011933322649969,86.66666666666667,840
High Reduction Pairs,0.5231991705592662,0.4806126975529262,0.2750464083668998,0.3198500986227184,0.8661376189333136,0.0,1.7768979299016432,85.85858585858585,792
Medium Reduction Pairs,0.19640628933707763,0.025732296430084352,0.181220009997562,0.1945717629514316,0.2079228536830239,0.135463698495866,0.2723055884905454,100.0,780
Low Reduction Pairs,0.08763460594086285,0.05433098275472132,0.0307938349835614,0.0652407598648408,0.1425731083303206,0.0,0.1589823119672712,92.82051282051282,780
