Variant,Coefficient,Std.Err,p-value,N,R-squared
Col 1: Import-based (Baseline),0.0010814612367768624,0.00043205744837970176,0.012334460197073183,7560,0.006118957787884516
Col 2: Export-based,0.0018441747339209902,0.000564435034475113,0.0010908199003778485,7560,0.017731054981417582
Col 3: Symmetric,0.0008556818621962595,0.0003995868946141467,0.032273432011506564,7560,0.0038788264191180755
Col 4: Window m=8,0.001160952375369698,0.0004574162153998201,0.01116727852812116,7560,0.007116376715996298
