Specification,Shift (Q),Coefficient,Std.Err,p-value,N,R-squared
Baseline,0,0.001081461236776862,0.00043205744837970187,0.012334460197073183,7560,0.006118957787884516
Shift +4q (Placebo),4,0.0013239676123785074,0.0002332966272298425,1.4465411091180158e-08,6720,0.008972435992773087
Shift +8q (Placebo),8,0.00017328897753061056,0.0001829723146334579,0.34363980680762474,5880,0.00014340012971714167
Shift -4q (Placebo),-4,0.000855335211168763,0.0002640034251251569,0.0012019043088231651,6720,0.00397528982655837
Shift -8q (Placebo),-8,0.0014067368343893226,0.00022972778183851991,9.77226521925445e-10,5880,0.011381492252750536
